<?xml version="1.0" encoding="ISO-8859-1"?>
<metadata>
	<idinfo>
		<citation>
			<citeinfo>
				<origin>Originally developed by Teale Data Center GIS Lab;  updated by California Air Resources Board, Planning and Technical Support Division.</origin>
				<pubdate>March 2004</pubdate>
				<title>CaAirBaisin</title>
				<geoform>vector digital data</geoform>
				<onlink>\\CLUSTER_USERSD_SERVER\USERSD\PTSD\DIV\GIS\Data_Library_official\Boundry_TA27\AirBasins_aligned_03.shp</onlink>
				<ftname Sync="TRUE">CaAirBasin</ftname></citeinfo>
		</citation>
		<descript>
			<abstract>The California Air Basins layer is a polygon shapefile coverage representing the 15 California air basins, as defined in state statute and regulation.  See the California Health and Safety Code, Section 39606 et seq. and California Code of Regulations, Title 17, Section 60100 et seq.  Shapefile coverage.  Projection:  Teale Albers, NAD83, Clarke 1866.</abstract>
			<purpose>Air Basins are designated pursuant to California statute and regulation.  Air Basins identify regions of similar meteorological and geographic conditions and consideration for political boundary lines, and are related to air pollution and its transport.</purpose>
			<langdata Sync="TRUE">en</langdata></descript>
		<timeperd>
			<timeinfo>
				<sngdate>
					<caldate>March 2004</caldate>
				</sngdate>
			</timeinfo>
			<current>publication date</current>
		</timeperd>
		<status>
			<progress>Complete</progress>
			<update>As needed</update>
		</status>
		<spdom>
			<bounding>
				<westbc>-124.504865</westbc>
				<eastbc>-113.497796</eastbc>
				<northbc>42.069056</northbc>
				<southbc>32.423438</southbc>
			</bounding>
			<lboundng><leftbc Sync="TRUE">-373976.780431</leftbc><rightbc Sync="TRUE">540015.400156</rightbc><bottombc Sync="TRUE">-604526.124980</bottombc><topbc Sync="TRUE">450070.871569</topbc></lboundng></spdom>
		<keywords>
			<theme>
				<themekt>California Air Basins</themekt>
				<themekey>California Air Basins</themekey>
			</theme>
		</keywords>
		<accconst>None.</accconst>
		<useconst>None.</useconst>
		<ptcontac>
			<cntinfo>
				<cntorgp>
					<cntorg>California Air Resources Board; Planning and Technical Support Division</cntorg>
				</cntorgp>
				<cntaddr>
					<addrtype>mailing address</addrtype>
					<address>P.O. Box 2815</address>
					<city>Sacramento</city>
					<state>CA</state>
					<postal>95812</postal>
					<country>USA</country>
				</cntaddr>
			</cntinfo>
		</ptcontac>
		<native>Microsoft Windows 2000 Version 5.0 (Build 2195) Service Pack 2; ESRI ArcCatalog 8.2.0.700</native>
		<natvform Sync="TRUE">Shapefile</natvform></idinfo>
	<spdoinfo>
		<direct>Vector</direct>
		<ptvctinf>
			<sdtsterm Name="CaAirBasin">
				<sdtstype>G-polygon</sdtstype>
				<ptvctcnt>34</ptvctcnt>
			</sdtsterm>
			<esriterm Name="CaAirBasin"><efeatyp Sync="TRUE">Simple</efeatyp><efeageom Sync="TRUE">Polygon</efeageom><esritopo Sync="TRUE">FALSE</esritopo><efeacnt Sync="TRUE">15</efeacnt><spindex Sync="TRUE">TRUE</spindex><linrefer Sync="TRUE">FALSE</linrefer></esriterm></ptvctinf>
	</spdoinfo>
	<spref>
		<horizsys>
			<planar>
				<planci>
					<plance>coordinate pair</plance>
					<coordrep>
						<absres>0.002048</absres>
						<ordres>0.002048</ordres>
					</coordrep>
					<plandu>meters</plandu>
				</planci>
				<mapproj><mapprojn Sync="TRUE">Albers Conical Equal Area</mapprojn><albers><stdparll Sync="TRUE">34.000000</stdparll><stdparll Sync="TRUE">40.500000</stdparll><longcm Sync="TRUE">-120.000000</longcm><feast Sync="TRUE">0.000000</feast><fnorth Sync="TRUE">-4000000.000000</fnorth></albers></mapproj></planar>
			<geodetic>
				<horizdn>North American Datum of 1983</horizdn>
				<ellips>Clarke 1866</ellips>
				<semiaxis>6378206.400000</semiaxis>
				<denflat>294.978698</denflat>
			</geodetic>
			<cordsysn><geogcsn Sync="TRUE">GCS_North_American_1983</geogcsn><projcsn Sync="TRUE">TealeAlbersNAD83</projcsn></cordsysn></horizsys>
	</spref>
	<eainfo>
		<detailed Name="CaAirBasin">
			<enttyp>
				<enttypl>CaAirBasin</enttypl>
				<enttypt Sync="TRUE">Feature Class</enttypt><enttypc Sync="TRUE">15</enttypc></enttyp>
			<attr>
				<attrlabl>FID</attrlabl>
				<attrdef>Internal feature number.</attrdef>
				<attrdefs>ESRI</attrdefs>
				<attrdomv>
					<udom>Sequential unique whole numbers that are automatically generated.</udom>
				</attrdomv>
			</attr>
			<attr>
				<attrlabl>Shape</attrlabl>
				<attrdef>Feature geometry.</attrdef>
				<attrdefs>ESRI</attrdefs>
				<attrdomv>
					<udom>Coordinates defining the features.</udom>
				</attrdomv>
			</attr>
			<attr>
				<attrlabl>AREA</attrlabl>
				<attrtype Sync="TRUE">Number</attrtype><attwidth Sync="TRUE">19</attwidth><atnumdec Sync="TRUE">5</atnumdec></attr>
			<attr>
				<attrlabl>PERIMETER</attrlabl>
				<attrtype Sync="TRUE">Number</attrtype><attwidth Sync="TRUE">19</attwidth><atnumdec Sync="TRUE">5</atnumdec></attr>
			<attr><attrlabl Sync="TRUE">CAABA_</attrlabl><attalias Sync="TRUE">CAABA_</attalias><attrtype Sync="TRUE">Number</attrtype><attwidth Sync="TRUE">11</attwidth></attr><attr><attrlabl Sync="TRUE">CAABA_ID</attrlabl><attalias Sync="TRUE">CAABA_ID</attalias><attrtype Sync="TRUE">Number</attrtype><attwidth Sync="TRUE">11</attwidth></attr><attr><attrlabl Sync="TRUE">NAME</attrlabl><attalias Sync="TRUE">NAME</attalias><attrtype Sync="TRUE">String</attrtype><attwidth Sync="TRUE">20</attwidth></attr></detailed>
	</eainfo>
	<distinfo>
		<resdesc>Downloadable Data</resdesc>
		<stdorder>
			<digform>
				<digtinfo>
					<transize>2.558</transize>
					<dssize Sync="TRUE">2.514</dssize></digtinfo>
			</digform>
		</stdorder>
	</distinfo>
	<metainfo>
		<metd>20040708</metd>
		<metc>
			<cntinfo>
				<cntperp>
					<cntper>Neva Sotolongo</cntper>
					<cntorg>California Air Resources Board; Planning and Technical Support Division</cntorg>
				</cntperp>
				<cntpos>Staff Air Pollution Specialist</cntpos>
				<cntaddr>
					<addrtype>mailing address</addrtype>
					<address>P.O. Box 2815</address>
					<city>Sacramento</city>
					<state>CA</state>
					<postal>95812</postal>
					<country>USA</country>
				</cntaddr>
				<cntvoice>(916) 323-4887</cntvoice>
				<cntemail>nsotolon@arb.ca.gov</cntemail>
			</cntinfo>
		</metc>
		<metstdn>FGDC Content Standards for Digital Geospatial Metadata</metstdn>
		<metstdv>FGDC-STD-001-1998</metstdv>
		<mettc>local time</mettc>
		<metextns>
			<onlink>http://www.esri.com/metadata/esriprof80.html</onlink>
			<metprof>ESRI Metadata Profile</metprof>
		</metextns>
		<langmeta Sync="TRUE">en</langmeta><metextns><onlink Sync="TRUE">http://www.esri.com/metadata/esriprof80.html</onlink><metprof Sync="TRUE">ESRI Metadata Profile</metprof></metextns></metainfo>
	<Esri><MetaID>{A5D4E210-344F-4F1F-B88B-EE6D3717B78D}</MetaID><CreaDate>20060131</CreaDate><CreaTime>13142500</CreaTime><SyncOnce>FALSE</SyncOnce><SyncDate>20060131</SyncDate><SyncTime>13142600</SyncTime><ModDate>20060131</ModDate><ModTime>13171000</ModTime></Esri><dataqual><lineage><procstep><procdesc Sync="TRUE">Metadata imported.</procdesc><date Sync="TRUE">20060131</date><time Sync="TRUE">13142500</time></procstep></lineage></dataqual><dataIdInfo><envirDesc Sync="TRUE">Microsoft Windows XP Version 5.1 (Build 2600) Service Pack 2; ESRI ArcCatalog 9.1.0.722</envirDesc><dataLang><languageCode Sync="TRUE" value="en"></languageCode></dataLang><idCitation><resTitle Sync="TRUE">CaAirBasin</resTitle><presForm><PresFormCd Sync="TRUE" value="005"></PresFormCd></presForm></idCitation><spatRpType><SpatRepTypCd Sync="TRUE" value="001"></SpatRepTypCd></spatRpType><dataExt><geoEle><GeoBndBox esriExtentType="native"><westBL Sync="TRUE">-373976.780431</westBL><eastBL Sync="TRUE">540015.400156</eastBL><northBL Sync="TRUE">450070.871569</northBL><southBL Sync="TRUE">-604526.12498</southBL><exTypeCode Sync="TRUE">1</exTypeCode></GeoBndBox></geoEle></dataExt><geoBox esriExtentType="decdegrees"><westBL Sync="TRUE">-124.506062</westBL><eastBL Sync="TRUE">-113.498638</eastBL><northBL Sync="TRUE">42.068938</northBL><southBL Sync="TRUE">32.423518</southBL><exTypeCode Sync="TRUE">1</exTypeCode></geoBox></dataIdInfo><mdLang><languageCode Sync="TRUE" value="en"></languageCode></mdLang><mdStanName Sync="TRUE">ISO 19115 Geographic Information - Metadata</mdStanName><mdStanVer Sync="TRUE">DIS_ESRI1.0</mdStanVer><mdChar><CharSetCd Sync="TRUE" value="004"></CharSetCd></mdChar><mdHrLv><ScopeCd Sync="TRUE" value="005"></ScopeCd></mdHrLv><mdHrLvName Sync="TRUE">dataset</mdHrLvName><distInfo><distributor><distorTran><onLineSrc><orDesc Sync="TRUE">002</orDesc><linkage Sync="TRUE">file://\\HQCLUSTER_USERS4_SERVER\GIS\GIS\Library_GIS_Data\Air_Basins\CaAirBasin.shp</linkage><protocol Sync="TRUE">Local Area Network</protocol></onLineSrc><transSize Sync="TRUE">2.514</transSize></distorTran><distorFormat><formatName Sync="TRUE">Shapefile</formatName></distorFormat></distributor></distInfo><refSysInfo><RefSystem><refSysID><identCode Sync="TRUE">TealeAlbersNAD83</identCode></refSysID></RefSystem></refSysInfo><spatRepInfo><VectSpatRep><topLvl><TopoLevCd Sync="TRUE" value="001"></TopoLevCd></topLvl><geometObjs Name="CaAirBasin"><geoObjTyp><GeoObjTypCd Sync="TRUE" value="001"></GeoObjTypCd></geoObjTyp><geoObjCnt Sync="TRUE">15</geoObjCnt></geometObjs></VectSpatRep></spatRepInfo><mdDateSt Sync="TRUE">20060131</mdDateSt></metadata>
